Shopping,0
 Shoe Stores,1
 Fashion,2
Burgers,3
 Fast Food,4
 American (New),5
 Restaurants,6
 Hot Dogs,7
Vietnamese,8
Food,9
 Ethnic Food,10
 Specialty Food,11
 Thai,12
 Grocery,13
Pubs,14
 Food,15
 Bars,16
 Beer,17
 Wine & Spirits,18
 Gastropubs,19
 British,20
 Nightlife,21
 Fish & Chips,22
Restaurants,23
 Seafood,24
Ice Cream & Frozen Yogurt,25
 Sandwiches,26
 American (Traditional),27
American (Traditional),28
 Tex-Mex,29
Event Planning & Services,30
 Massage,31
 Venues & Event Spaces,32
 Day Spas,33
 Skin Care,34
 Hair Stylists,35
 Beauty & Spas,36
 Hair Salons,37
 Home Services,38
 Wedding Planning,39
 Contractors,40
Sushi Bars,41
Coffee & Tea,42
Hot Dogs,43
 Middle Eastern,44
 Diners,45
 Breakfast & Brunch,46
Malaysian,47
 Vegetarian,48
 Sushi Bars,49
 Asian Fusion,50
 Mexican,51
Pizza,52
 Barbeque,53
 Chicken Wings,54
 Beer Bar,55
 Tapas Bars,56
 Cocktail Bars,57
 Lounges,58
 Chinese,59
 Burgers,60
 Desserts,61
 Hotels,62
 Hotels & Travel,63
 Buffets,64
Breakfast & Brunch,65
 Cajun/Creole,66
American (New),67
 Italian,68
 Japanese,69
 Ramen,70
Portuguese,71
Toy Stores,72
 Shopping,73
Sandwiches,74
 Salad,75
 Event Planning & Services,76
 Caterers,77
 Delis,78
Arts & Entertainment,79
 Performing Arts,80
 Comedy Clubs,81
 Team Building Activities,82
 Adult Education,83
 Education,84
Italian,85
Dim Sum,86
Mediterranean,87
 Pizza,88
 Greek,89
Middle Eastern,90
 Bakeries,91
Wine Bars,92
 Canadian (New),93
Fast Food,94
 Art Galleries,95
Bagels,96
Colleges & Universities,97
 Arts & Entertainment,98
Bars,99
Desserts,100
 Ice Cream & Frozen Yogurt,101
 Do-It-Yourself Food,102
Luggage,103
 Shopping Centers,104
 Coffee & Tea,105
 Bagels,106
Chinese,107
 Hawaiian,108
Korean,109
Nightlife,110
 Adult Entertainment,111
Japanese,112
Grocery,113
Singaporean,114
 Malaysian,115
Cocktail Bars,116
Mexican,117
Southern,118
 Soul Food,119
 Stadiums & Arenas,120
 Steakhouses,121
 Dive Bars,122
 Vegan,123
Fashion,124
 Women's Clothing,125
 Accessories,126
Mobile Phones,127
 Computers,128
 Electronics,129
 IT Services & Computer Repair,130
 Local Services,131
Preschools,132
 Elementary Schools,133
 Child Care & Day Care,134
 Active Life,135
 Summer Camps,136
Hotels & Travel,137
 Car Rental,138
Cards & Stationery,139
 Professional Services,140
 Arts & Crafts,141
 Flowers & Gifts,142
 Graphic Design,143
 Pubs,144
 Wine Bars,145
Casinos,146
 Gift Shops,147
 German,148
Men's Clothing,149
Libraries,150
 Public Services & Government,151
 Cheesesteaks,152
Cantonese,153
 Dim Sum,154
Seafood,155
Local Flavor,156
 Museums,157
 Bed & Breakfast,158
 Landmarks & Historical Buildings,159
Beer,160
 Irish,161
Car Wash,162
 Automotive,163
 Auto Detailing,164
 Brasseries,165
 Cafes,166
Shopping Centers,167
Turkish,168
 Hookah Bars,169
 Karaoke,170
Beauty & Spas,171
 Cosmetology Schools,172
 Specialty Schools,173
Dance Clubs,174
Specialty Food,175
 Health Markets,176
 Fruits & Veggies,177
 Farmers Market,178
 Vietnamese,179
 Music Venues,180
 Sports Bars,181
Skin Care,182
 Nail Salons,183
 Cosmetics & Beauty Supply,184
 Szechuan,185
IT Services & Computer Repair,186
 Mobile Phones,187
Hair Removal,188
 Makeup Artists,189
Irish,190
Books,191
 Mags,192
 Music & Video,193
 Vinyl Records,194
Pakistani,195
 Indian,196
 Resorts,197
 Costumes,198
 Used,199
 Vintage & Consignment,200
Steakhouses,201
 African,202
French,203
 Dance Clubs,204
 French,205
Cafes,206
Bakeries,207
Massage,208
Breweries,209
Asian Fusion,210
 Home Decor,211
 Art Supplies,212
 Hobby Shops,213
 Home & Garden,214
 Jazz & Blues,215
 Persian/Iranian,216
Used,217
 Antiques,218
Diners,219
 Books,220
 Bookstores,221
 Caribbean,222
Home Services,223
 Lighting Fixtures & Equipment,224
 Electricians,225
Internal Medicine,226
 Doctors,227
 Health & Medical,228
 Irish Pub,229
Nail Salons,230
 Party & Event Planning,231
 Gelato,232
Caribbean,233
 Latin American,234
 Head Shops,235
 Tobacco Shops,236
Fitness & Instruction,237
 Gyms,238
Thai,239
Auto Repair,240
 Comfort Food,241
 Department Stores,242
 Men's Clothing,243
 Furniture Stores,244
Cupcakes,245
 Korean,246
 Juice Bars & Smoothies,247
 Bubble Tea,248
Brazilian,249
Plumbing,250
 Water Heater Installation/Repair,251
 Cantonese,252
 Hot Pot,253
 Gluten-Free,254
Salad,255
 Soup,256
 Acai Bowls,257
 Pakistani,258
Health Markets,259
 Organic Stores,260
 Barbers,261
 Cinema,262
 Candy Stores,263
 Cards & Stationery,264
 Toy Stores,265
 Creperies,266
Car Dealers,267
 Auto Repair,268
 Meat Shops,269
Active Life,270
 Yoga,271
 Fitness & Instruction,272
Public Transportation,273
 Transportation,274
 Buses,275
Barbeque,276
 Mediterranean,277
 Community Service/Non-Profit,278
 Face Painting,279
Party & Event Planning,280
 Local Flavor,281
 Chocolatiers & Shops,282
Dive Bars,283
 Art Museums,284
 Ethiopian,285
Live/Raw Food,286
 Music & DVDs,287
Hiking,288
 Parks,289
 Rock Climbing,290
 Mountain Biking,291
Latin American,292
 Brazilian,293
 Brewpubs,294
 Breweries,295
 Trainers,296
Automotive,297
 Tires,298
 Auto Parts & Supplies,299
 Transmission Repair,300
Pets,301
 Pet Stores,302
Music Venues,303
 Southern,304
Venues & Event Spaces,305
 Musical Instruments & Teachers,306
 Recording & Rehearsal Studios,307
 DJs,308
 Modern European,309
 Laotian,310
 Noodles,311
 Swimming Pools,312
 Oil Change Stations,313
 Smog Check Stations,314
Poutineries,315
 Beach Bars,316
Music & DVDs,317
 Tea Rooms,318
 Convenience Stores,319
 Casinos,320
 Nutritionists,321
 Personal Chefs,322
 Baseball Fields,323
Guns & Ammo,324
 Sporting Goods,325
 Gun/Rifle Ranges,326
Gay Bars,327
Hawaiian,328
 Pool Halls,329
 New Mexican Cuisine,330
Lounges,331
 Donuts,332
Karaoke,333
 Gay Bars,334
Home & Garden,335
 Kitchen & Bath,336
 Fabric Stores,337
Adult Entertainment,338
Indian,339
Greek,340
 International Grocery,341
Antiques,342
 Investing,343
 Financial Services,344
 Country Dance Halls,345
 Pets,346
 Veterinarians,347
Cajun/Creole,348
Hotels,349
Children's Clothing,350
Videos & Video Game Rental,351
 Newspapers & Magazines,352
Sports Bars,353
 Arcades,354
 Pan Asian,355
Transportation,356
 Airport Shuttles,357
 Office Equipment,358
 Bistros,359
 Hungarian,360
 Waxing,361
 Eyebrow Services,362
 Amusement Parks,363
 Food Delivery Services,364
 Bikes,365
 Rafting/Kayaking,366
 Tours,367
 Bike Rentals,368
 Bike tours,369
 Hiking,370
 Car Stereo Installation,371
 Tapas/Small Plates,372
Shoe Stores,373
 Eyelash Service,374
 Hair Removal,375
 Go Karts,376
 Airlines,377
Wedding Planning,378
Health & Medical,379
 Pharmacy,380
Canadian (New),381
Custom Cakes,382
Imported Food,383
Veterinarians,384
 Pet Sitting,385
 Pet Services,386
 Pet Boarding,387
Museums,388
 Art Schools,389
Food Delivery Services,390
 Belgian,391
Chicken Wings,392
Apartments,393
 Real Estate,394
 Property Management,395
 Photography Stores & Services,396
 Striptease Dancers,397
 Pilates,398
 Dumplings,399
 Drugstores,400
 Hardware Stores,401
 Mass Media,402
 Sports Clubs,403
 Wraps,404
 Dentists,405
 General Dentistry,406
 Falafel,407
Pet Services,408
 Emergency Pet Hospital,409
 Pet Training,410
 Pet Groomers,411
Day Spas,412
Pet Stores,413
 Fondue,414
Dog Parks,415
Flowers & Gifts,416
 Florists,417
Stadiums & Arenas,418
 Portuguese,419
Cuban,420
Delis,421
Yoga,422
 Kebab,423
Vegan,424
 Apartments,425
 Tacos,426
Travel Services,427
 Martial Arts,428
Amusement Parks,429
 Golf,430
Buffets,431
Coffee Roasteries,432
 Cupcakes,433
Comfort Food,434
Tex-Mex,435
Vegetarian,436
 Internet Cafes,437
 Cheese Shops,438
Comedy Clubs,439
 Public Transportation,440
Oral Surgeons,441
 Cosmetic Dentists,442
 Orthodontists,443
Moroccan,444
Hair Salons,445
Women's Clothing,446
 Wigs,447
Cinema,448
Gyms,449
Laotian,450
Tennis,451
Laundry Services,452
 Dry Cleaning,453
 Sewing & Alterations,454
Soup,455
 Chicken Shop,456
Performing Arts,457
 Beaches,458
 Ethical Grocery,459
Print Media,460
Art Museums,461
 Art Classes,462
Spanish,463
 Basque,464
Art Schools,465
 Festivals,466
 Spanish,467
Chocolatiers & Shops,468
 Hair Extensions,469
 Men's Hair Salons,470
Drugstores,471
Pan Asian,472
 Teppanyaki,473
 Taxis,474
Szechuan,475
 Town Car Service,476
 Septic Services,477
 Limos,478
Airports,479
Pet Groomers,480
Soul Food,481
 Cambodian,482
Organic Stores,483
 Blow Dry/Out Services,484
 Souvenir Shops,485
 Used Bookstore,486
 Sports Wear,487
 Comic Books,488
 Tabletop Games,489
 Threading Services,490
 Permanent Makeup,491
Donuts,492
 Bowling,493
 Holistic Animal Care,494
 Animal Physical Therapy,495
Convenience Stores,496
 International,497
 Cuban,498
 Hydrotherapy,499
 Massage Therapy,500
Kitchen & Bath,501
Bikes,502
Cosmetics & Beauty Supply,503
Delicatessen,504
Tours,505
 Boat Tours,506
 Travel Services,507
 Bus Tours,508
 Pet Adoption,509
 Strip Clubs,510
 Halal,511
 Seafood Markets,512
 Waffles,513
 Knife Sharpening,514
 Jewelry,515
 Mongolian,516
Vacation Rentals,517
 Tennis,518
 Hunting & Fishing Supplies,519
 Guns & Ammo,520
 Outdoor Gear,521
Seafood Markets,522
Colombian,523
 Arabian,524
Jewelry,525
 Watches,526
 Watch Repair,527
Furniture Stores,528
Himalayan/Nepalese,529
Noodles,530
Professional Services,531
 Dry Cleaning & Laundry,532
 Laundry Services,533
 Singaporean,534
Specialty Schools,535
Sports Wear,536
Pet Training,537
 Animal Shelters,538
Outdoor Gear,539
 Outlet Stores,540
Lakes,541
 Colleges & Universities,542
 Boating,543
 Food Stands,544
 Maternity Wear,545
 Custom Cakes,546
Local Services,547
 Wedding Chapels,548
 Water Parks,549
Resorts,550
 Vacation Rentals,551
Drive-In Theater,552
 Taiwanese,553
Irish Pub,554
Cosmetic Dentists,555
 Oral Surgeons,556
 Filipino,557
 Turkish,558
Hungarian,559
Doctors,560
 Chiropractors,561
 Sports Medicine,562
 Naturopathic/Holistic,563
Golf,564
Educational Services,565
 Children's Museums,566
 Planetarium,567
 Water Purification Services,568
 Plumbing,569
 Heating & Air Conditioning/HVAC,570
Halal,571
Meditation Centers,572
Gluten-Free,573
Tires,574
 Wholesale Stores,575
Tapas Bars,576
Cheesesteaks,577
 Polish,578
 Musicians,579
Parks,580
Boot Camps,581
 Ophthalmologists,582
 Optometrists,583
Baby Gear & Furniture,584
 Internet Service Providers,585
Department Stores,586
 Gas Stations,587
 Venezuelan,588
 Coffeeshops,589
 Coffee & Tea Supplies,590
Ethnic Food,591
 Aquariums,592
Tattoo,593
Coffee & Tea Supplies,594
 Personal Shopping,595
 Tuscan,596
Tapas/Small Plates,597
 Afghan,598
Caterers,599
 Videos & Video Game Rental,600
 Salvadoran,601
Financial Services,602
 Banks & Credit Unions,603
 Financial Advising,604
Comic Books,605
Education,606
 Discount Store,607
 Butcher,608
Art Classes,609
Aquariums,610
 Moroccan,611
 Botanical Gardens,612
 Baby Gear & Furniture,613
 Children's Clothing,614
Makeup Artists,615
 Whiskey Bars,616
Zoos,617
Musical Instrument Services,618
 Guitar Stores,619
 Bridal,620
Barbers,621
Tacos,622
 Patisserie/Cake Shop,623
 Car Dealers,624
Wedding Chapels,625
 Russian,626
Churches,627
 Religious Organizations,628
Newspapers & Magazines,629
Juice Bars & Smoothies,630
 Skating Rinks,631
Auto Parts & Supplies,632
Bowling,633
 Historical Tours,634
Optometrists,635
 Sunglasses,636
 Eyewear & Opticians,637
Persian/Iranian,638
 Pasta Shops,639
Meat Shops,640
 Burmese,641
Tea Rooms,642
Peruvian,643
 Acupuncture,644
 Coffee Roasteries,645
Tobacco Shops,646
Watches,647
 Leather Goods,648
Strip Clubs,649
 Tiki Bars,650
Ethical Grocery,651
Festivals,652
Speakeasies,653
 Food Trucks,654
 Imported Food,655
 Formal Wear,656
 Mortgage Brokers,657
 Climbing,658
Video Game Stores,659
 Mobile Phone Repair,660
 Electronics Repair,661
 Weight Loss Centers,662
 Boot Camps,663
 Interval Training Gyms,664
 Social Clubs,665
Electronics,666
German,667
 Argentine,668
Photography Stores & Services,669
 Mattresses,670
 Rugs,671
Fish & Chips,672
Eyebrow Services,673
 Tattoo,674
 Recreation Centers,675
Outlet Stores,676
Bespoke Clothing,677
Screen Printing,678
 Printing Services,679
 Wineries,680
 Pretzels,681
Filipino,682
Street Vendors,683
 Airports,684
Children's Museums,685
 Dance Studios,686
 Dance Schools,687
 Pole Dancing Classes,688
 Izakaya,689
Boxing,690
 Cycling Classes,691
Beer Bar,692
 Piercing,693
Bookstores,694
Social Clubs,695
 Framing,696
Departments of Motor Vehicles,697
 Champagne Bars,698
 Ticket Sales,699
 Thrift Stores,700
 Shoe Repair,701
 Poutineries,702
 Civic Center,703
 Professional Sports Teams,704
Creperies,705
 Nurseries & Gardening,706
 Luggage,707
 Commercial Truck Dealers,708
 Body Shops,709
 Livestock Feed & Supply,710
Pet Boarding,711
 Pet Cremation Services,712
Home Decor,713
Airlines,714
 Parking,715
Bubble Tea,716
Pet Sitting,717
 Cabaret,718
Souvenir Shops,719
Brasseries,720
Dentists,721
 Periodontists,722
 Endodontists,723
Professional Sports Teams,724
New Mexican Cuisine,725
British,726
Barre Classes,727
Accessories,728
Public Services & Government,729
Dry Cleaning & Laundry,730
Trainers,731
Pet Cremation Services,732
Tanning,733
Gastropubs,734
Amateur Sports Teams,735
 Kids Activities,736
Gas Stations,737
 Appliances,738
Olive Oil,739
Candy Stores,740
Hair Extensions,741
 Kids Hair Salons,742
Hair Stylists,743
Skating Rinks,744
Real Estate,745
 Commercial Real Estate,746
Oil Change Stations,747
 Car Wash,748
Electricians,749
 Pest Control,750
Beaches,751
 Market Stalls,752
 Public Markets,753
Pawn Shops,754
 Playgrounds,755
Car Rental,756
 Insurance,757
 Indonesian,758
International Grocery,759
 Vocational & Technical School,760
 Live/Raw Food,761
 Himalayan/Nepalese,762
Elementary Schools,763
 Horseback Riding,764
Radiologists,765
 Adult,766
 Lingerie,767
 Tickets,768
Arcades,769
 Amateur Sports Teams,770
Recreation Centers,771
 Motorcycle Dealers,772
 ATV Rentals/Tours,773
Tabletop Games,774
Laundromat,775
 Libraries,776
 Lebanese,777
Solar Installation,778
 Food Court,779
 Observatories,780
Bed & Breakfast,781
 Tanning,782
 Popcorn Shops,783
 Pancakes,784
Wholesale Stores,785
 Wheel & Rim Repair,786
 Medical Centers,787
 Hospitals,788
 Jewelry Repair,789
 Spray Tanning,790
 Hot Tub & Pool,791
 Solar Installation,792
 Pool & Hot Tub Service,793
 Pool Cleaners,794
 Masonry/Concrete,795
 Decks & Railing,796
 Fireplace Services,797
 Peruvian,798
Bridal,799
 Golf Lessons,800
 Carpeting,801
 Home Cleaning,802
Gift Shops,803
Waxing,804
 Traditional Chinese Medicine,805
 Laser Hair Removal,806
 Medical Spas,807
 Musical Instrument Services,808
 Piano Stores,809
 Piano Services,810
 Zoos,811
Urgent Care,812
Lebanese,813
Sewing & Alterations,814
Fondue,815
Basque,816
Head Shops,817
Wineries,818
African,819
Farmers Market,820
Playgrounds,821
 Dog Parks,822
Chicken Shop,823
 Cooking Schools,824
 Hotel bar,825
Radio Stations,826
 Bird Shops,827
Heating & Air Conditioning/HVAC,828
 Piano Bars,829
 Beer Gardens,830
 Beer Tours,831
Carpet Cleaning,832
Architects,833
 Architectural Tours,834
 Hot Air Balloons,835
 Aerial Tours,836
 Skydiving,837
Polish,838
Burmese,839
 Dominican,840
Piano Bars,841
Donairs,842
Hot Pot,843
Butcher,844
Acupuncture,845
 Physical Therapy,846
Gelato,847
Supernatural Readings,848
 Psychics,849
 Bike Repair/Maintenance,850
Country Dance Halls,851
Vitamins & Supplements,852
Mattresses,853
 Outdoor Furniture Stores,854
 Meditation Centers,855
 Dinner Theater,856
 Tai Chi,857
Teppanyaki,858
Aerial Fitness,859
Cambodian,860
 Keys & Locksmiths,861
Cosmetology Schools,862
 Massage Schools,863
Nurseries & Gardening,864
 Christmas Trees,865
 Poke,866
Formal Wear,867
Magicians,868
 Hostels,869
Climbing,870
Jazz & Blues,871
 Kosher,872
Eyelash Service,873
Shoe Repair,874
 Colombian,875
Landmarks & Historical Buildings,876
Reflexology,877
Leather Goods,878
Food Stands,879
Eatertainment,880
 Distilleries,881
Modern European,882
 Car Buyers,883
 Used Car Dealers,884
Limos,885
Fruits & Veggies,886
Massage Therapy,887
 Macarons,888
 Flea Markets,889
Badminton,890
Smokehouse,891
Bistros,892
 Cooking Classes,893
 Smokehouse,894
Botanical Gardens,895
 Sri Lankan,896
 Barre Classes,897
 Party Supplies,898
Salvadoran,899
 Wholesalers,900
 Races & Competitions,901
 Delicatessen,902
Vinyl Records,903
Belgian,904
Bike Rentals,905
 Bike Sharing,906
Patisserie/Cake Shop,907
 Farms,908
 Television Service Providers,909
Go Karts,910
 Cardio Classes,911
 Herbs & Spices,912
 Building Supplies,913
Afghan,914
 Health Retreats,915
Florists,916
Macarons,917
Internet Cafes,918
 Self Storage,919
 Movers,920
Hostels,921
Web Design,922
Spiritual Shop,923
Do-It-Yourself Food,924
Hookah Bars,925
 Dermatologists,926
Religious Organizations,927
 Event Photography,928
 Churches,929
 Photographers,930
 Haunted Houses,931
 Escape Games,932
 Beverage Store,933
Gun/Rifle Ranges,934
Hobby Shops,935
Party Supplies,936
Discount Store,937
Swimming Pools,938
Ethiopian,939
Lingerie,940
 Swimwear,941
Airport Shuttles,942
Thrift Stores,943
 Donation Center,944
Computers,945
 Appliances & Repair,946
Windshield Installation & Repair,947
 Auto Glass Services,948
Contractors,949
 Hydro-jetting,950
Orthodontists,951
 CSA,952
 Club Crawl,953
Watch Repair,954
 Perfume,955
Pub Food,956
 Tubing,957
Hakka,958
 Screen Printing,959
 Leisure Centers,960
 Laser Tag,961
Baseball Fields,962
 Employment Agencies,963
 Emergency Rooms,964
Sporting Goods,965
 Golf Equipment,966
 Mini Golf,967
 Bingo Halls,968
Perfume,969
Blow Dry/Out Services,970
 Supernatural Readings,971
 Spiritual Shop,972
 Challenge Courses,973
 Country Clubs,974
 Conveyor Belt Sushi,975
Taiwanese,976
RV Parks,977
Motorcycle Repair,978
 Motorcycle Parts & Supplies,979
Shared Office Spaces,980
 Special Education,981
Pool Halls,982
 Disc Golf,983
 Fishing,984
Kids Activities,985
 Foundation Repair,986
Piercing,987
Wraps,988
Martial Arts,989
Street Art,990
Parking,991
 Truck Rental,992
 Hakka,993
Carpeting,994
 Carpet Cleaning,995
 Window Washing,996
 Shades & Blinds,997
Skate Parks,998
Cheese Shops,999
 Cheese Tasting Classes,1000
 Tasting Classes,1001
Art Galleries,1002
Arts & Crafts,1003
 Themed Cafes,1004
Men's Hair Salons,1005
Race Tracks,1006
 Medical Transportation,1007
 Cigar Bars,1008
Falafel,1009
Armenian,1010
 Departments of Motor Vehicles,1011
Opera & Ballet,1012
Kosher,1013
 Refinishing Services,1014
 Tiling,1015
Eyewear & Opticians,1016
 Eatertainment,1017
Dance Studios,1018
Medical Spas,1019
 Basketball Courts,1020
General Dentistry,1021
Art Supplies,1022
Beer Garden,1023
Appliances,1024
Mini Golf,1025
 Lakes,1026
Mass Media,1027
 Television Stations,1028
Packing Services,1029
 Home Staging,1030
 Funeral Services & Cemeteries,1031
 Shipping Centers,1032
Brewpubs,1033
 Train Stations,1034
 Olive Oil,1035
Videographers,1036
Wheel & Rim Repair,1037
 Magicians,1038
Knitting Supplies,1039
 Austrian,1040
Shaved Ice,1041
Trains,1042
 Community Centers,1043
Food Trucks,1044
 Bangladeshi,1045
Adult Education,1046
Auto Detailing,1047
 Vape Shops,1048
 Scandinavian,1049
Movers,1050
 Sports Betting,1051
 Ethnic Grocery,1052
 Czech,1053
 Czech/Slovakian,1054
Mongolian,1055
 Empanadas,1056
 Shaved Ice,1057
Pilates,1058
 Reiki,1059
Indonesian,1060
 Auto Customization,1061
 Teeth Whitening,1062
Sailing,1063
 Interior Design,1064
Hunting & Fishing Supplies,1065
Motorcycle Dealers,1066
 Motorcycle Gear,1067
 Motorcycle Repair,1068
 Tanning Beds,1069
 Car Window Tinting,1070
Ophthalmologists,1071
 Laser Eye Surgery/Lasik,1072
Middle Schools & High Schools,1073
 Lawyers,1074
 Driving Schools,1075
 Yelp Events,1076
Uniforms,1077
 Screen Printing/T-Shirt Printing,1078
Dinner Theater,1079
Hospitals,1080
Sports Clubs,1081
Food Court,1082
Appliances & Repair,1083
 Art Tours,1084
 Cultural Center,1085
Whiskey Bars,1086
 Real Estate Services,1087
