Las Vegas,0
Glendale,1
Toronto,2
Mesa,3
Rocky River,4
Tempe,5
Scottsdale,6
Calgary,7
Phoenix,8
Champaign,9
Charlotte,10
Pittsburgh,11
North York,12
Markham,13
Mississauga,14
Pepper Pike,15
Chandler,16
Avondale,17
Beachwood,18
Montr¨¦al,19
Cleveland,20
Peoria,21
Cave Creek,22
Gilbert,23
Surprise,24
Etobicoke,25
Madison,26
Goodyear,27
North Las Vegas,28
Scarborough,29
Lakewood,30
Richmond Hill,31
Henderson,32
Montreal,33
Thornhill,34
Middleton,35
Urbana,36
Gastonia,37
Matthews,38
Cleveland Heights,39
Fountain Hills,40
Litchfield Park,41
Stoughton,42
Akron,43
Fitchburg,44
Green Valley,45
Woodmere,46
Parma,47
Boulder City,48
Sun Prairie,49
Strongsville,50
Homestead,51
Copley,52
Tolleson,53
Fairlawn,54
Concord,55
McMurray,56
Westlake,57
Buckeye,58
North Olmsted,59
Fairview Park,60
Huntersville,61
Kent,62
Parma Heights,63
Euclid,64
Richfield,65
Paradise Valley,66
Wickliffe,67
Seven Hills,68
Avon,69
Fort Mcdowell,70
Lyndhurst,71
Montral,72
Medina,73
East York,74
Mayfield Heights,75
Mentor,76
Sun City West,77
Queen Creek,78
Ahwatukee,79
Cornelius,80
Green Tree,81
University Heights,82
Davidson,83
Monroeville,84
Fort Mill,85
Savoy,86
Monona,87
Unionville,88
Brecksville,89
Mt. Lebanon,90
Independence,91
Northfield,92
Wexford,93
Vaughan,94
Paradise,95
Brampton,96
Cecil,97
Chagrin Falls,98
Moon Township,99
Guadalupe,100
Bethel Park,101
Carefree,102
Robinson,103
Berea,104
Oakville,105
West Homestead,106
Mount Horeb,107
Monroe,108
Woodmere Village,109
Oakmont,110
Pineville,111
Stallings,112
Oregon,113
Grand River,114
Norton,115
Blue Diamond,116
las Vegas,117
Aurora,118
Blakeney,119
Woodbridge,120
Coraopolis,121
West Mifflin,122
Cottage Grove,123
Pickering,124
Rock Hill,125
Orange Village,126
Sedona,127
Avon Lake,128
South Euclid,129
Verona,130
Solon,131
Chesterland,132
Highland Heights,133
Willoughby,134
Cuyahoga Falls,135
Dallas,136
Broadview Heights,137
Indian Trail,138
Shadyside,139
El Mirage,140
Munhall,141
Mayfield Village,142
Outremont,143
Anthem,144
Etibicoke,145
Fort McDowell,146
Bath,147
Gibsonia,148
Bridgeville,149
Sun City,150
Carnegie,151
Dorval,152
Hudson,153
Plum,154
Belmont,155
North Ridgeville,156
Brooklyn,157
Elyria,158
Newmarket,159
Mahomet,160
Laveen,161
Mc Farland,162
Lawrenceville,163
Valley View,164
Rocky View,165
York,166
Canonsburg,167
Peninsula,168
Sewickley,169
Shaker Heights,170
Amherst,171
Kannapolis,172
Twinsburg,173
Spring Valley,174
North Royalton,175
Pointe-Claire,176
Warrensville Heights,177
Balzac,178
